{
  "timestamp": "2025-08-18T13:15:43.370689",
  "total_requisicoes": 349,
  "total_projetos": 50722,
  "tokens_estimados": 15216600,
  "custo_estimado_usd": 21.30324
}