{
  "timestamp": "2025-08-14T16:51:48.451333",
  "total_requisicoes": 44,
  "total_projetos": 6058,
  "tokens_estimados": 1817400,
  "custo_estimado_usd": 2.54436
}